SET FOREIGN_KEY_CHECKS = 0;

-- Clear existing data from tables (optional, but good for repeatable seeding)
TRUNCATE TABLE product_category;
TRUNCATE TABLE product_images;
TRUNCATE TABLE products;
TRUNCATE TABLE categories;
TRUNCATE TABLE users;

-- Reset auto-increment counters, helps keep IDs clean for fresh seeds
ALTER TABLE categories AUTO_INCREMENT = 1;
ALTER TABLE products AUTO_INCREMENT = 1;
ALTER TABLE product_images AUTO_INCREMENT = 1;
ALTER TABLE users AUTO_INCREMENT = 1;

INSERT INTO categories (id, name, description) VALUES (1, 'Electronics', 'Electronic devices for all your potential needs'), (2, 'Clothes', 'Clothes for all sizes'),(3, 'Home Appliances', 'Wanna cookin?');

INSERT INTO products (id, name, description, description_long, price) VALUES (2, 'Laptop', '15-inch laptop with 16GB RAM and 512GB SSD', '15-inch laptop with 16GB RAM and 512GB SSD, built to handle intensive tasks like video editing, graphic design, and gaming. With a stunning Full HD display and a high-end graphics card, this laptop delivers rich visuals and smooth performance. It features an ergonomic keyboard and a responsive touchpad, providing comfort for long work hours. The slim and lightweight design makes it easy to carry.', 1023.00),(4, 'Smartwatch', 'Smartwatch with heart rate monitor and fitness tracking', 'Smartwatch with heart rate monitor, fitness tracking, and GPS, making it an essential accessory for fitness enthusiasts. It monitors various activities such as walking, running, and cycling, while also tracking sleep patterns. The watch is water-resistant and has a long battery life, ensuring it stays powered through all your activities. It’s compatible with multiple apps for customization.', 199.99),(5, 'Bluetooth Headphones', 'Noise-cancelling Bluetooth headphones with 20 hours of playtime', 'Noise-cancelling Bluetooth headphones with 20 hours of playtime, ideal for enjoying music or calls in noisy environments. The cushioned ear pads provide comfort for extended use, while the adjustable headband ensures a snug fit. It features easy touch controls for adjusting volume, changing tracks, and answering calls, along with a built-in mic for hands-free communication.', 89.99),(6, 'Gaming Console', 'Next-gen gaming console with 4K support and 1TB storage', 'Next-gen gaming console with 4K support and 1TB storage, bringing games to life with stunning graphics and high frame rates. It includes a wireless controller with haptic feedback and adaptive triggers, adding a new layer of immersion. The console supports a library of exclusive games and offers backward compatibility with previous generations. Ideal for both casual and hardcore gamers.', 499.99),(7, 'Blender', 'High-powered blender with multiple speed settings and 1.5L jar', 'High-powered blender with multiple speed settings and a 1.5L jar, designed to handle anything from smoothies to soups. The sharp stainless-steel blades ensure efficient blending, even with tough ingredients like ice or nuts. The blender has a robust motor and a pulse function, giving you precise control over consistency. Easy to clean and ideal for daily use in any kitchen.', 49.99),(8, 'Coffee Maker', 'Automatic coffee maker with a built-in grinder and milk frother', 'Automatic coffee maker with a built-in grinder and milk frother, perfect for coffee enthusiasts. It grinds beans to your preferred coarseness and brews fresh coffee with a rich aroma. The frother allows for cappuccinos and lattes, making it versatile for various coffee styles. The machine has an intuitive control panel and a timer function for a customized brewing experience.', 129.99),(9, 'Vacuum Cleaner', 'Cordless vacuum cleaner with a powerful suction system and multiple attachments', 'Cordless vacuum cleaner with a powerful suction system and multiple attachments, suitable for cleaning carpets, hardwood floors, and upholstery. It offers up to 40 minutes of runtime and has a compact design for easy storage. The detachable dust bin allows for quick disposal, and its lightweight build makes it convenient for quick cleanups around the house.', 229.99),(10, 'Air Fryer', 'Healthy air fryer with rapid air circulation and adjustable temperature control', 'Healthy air fryer with rapid air circulation and adjustable temperature control, designed to make crispy, delicious meals with less oil. With a large capacity basket, it can cook for the whole family. The digital control panel offers easy adjustments, and its non-stick coating makes cleaning effortless. Enjoy fried food with up to 80% less fat than traditional frying.', 99.99),(11, 'Electric Kettle', 'Fast-boiling electric kettle with temperature control and automatic shut-off', 'Fast-boiling electric kettle with temperature control and automatic shut-off, ideal for tea, coffee, or instant meals. The stainless-steel design is durable and stylish, while the clear water level indicator ensures accurate filling. It has a 1.7L capacity, perfect for multiple cups. The stay-cool handle provides a secure grip, and the kettle is cordless for convenience.', 39.99),(12, 'Running Shoes', 'Comfortable and durable running shoes with memory foam insoles', 'Comfortable and durable running shoes with memory foam insoles, providing excellent support and cushioning for long runs or everyday use. Made with breathable mesh fabric, they keep your feet cool and dry. The outsole is made of rubber, offering great traction and stability. These shoes are designed to enhance performance while minimizing impact on your joints.', 79.99),(13, 'Jeans', 'Slim-fit jeans with stretch material and a classic design', 'Slim-fit jeans with stretch material and a classic design, offering a comfortable fit without compromising on style. These jeans are made from durable fabric that withstands wear and tear, making them suitable for both casual and semi-formal occasions. They feature multiple pockets and come in various washes to suit your preference.', 39.99),(14, 'Jacket', 'Water-resistant jacket with adjustable cuffs and a hood', 'Water-resistant jacket with adjustable cuffs and a hood, ideal for rainy or windy days. The lightweight yet durable material keeps you dry while allowing freedom of movement. It has multiple pockets for storage and a modern design, making it both functional and fashionable. Perfect for outdoor activities or layering over everyday outfits.', 89.99),(15, 'Backpack', 'Durable and spacious backpack with multiple compartments and padded straps', 'Durable and spacious backpack with multiple compartments and padded straps, perfect for travel or school. It has a laptop compartment, an organizer panel, and mesh pockets for water bottles. The backpack is designed to distribute weight evenly, providing comfort even on long journeys. Made from water-resistant material, it keeps your belongings safe.', 59.99),(16, 'Sweater', 'Cozy knitted sweater with a stylish design and soft material', 'Cozy knitted sweater with a stylish design and soft material, offering warmth and comfort for cooler weather. Its timeless look pairs well with jeans, skirts, or trousers. The sweater features ribbed cuffs and hem, ensuring a snug fit that retains shape over time. Available in a variety of colors to match any wardrobe.', 49.99),(17, 'Tablet', '10-inch tablet with high resolution display and 64GB storage', '10-inch tablet with high resolution display and 64GB storage, perfect for streaming, reading, or light gaming. With a powerful processor and long battery life, this tablet is ideal for entertainment and productivity on the go. It has a slim and lightweight design, making it easy to carry. Supports both Wi-Fi and Bluetooth for seamless connectivity.', 399.99),(18, 'Portable Speaker', 'Wireless portable speaker with deep bass and 12 hours of playtime', 'Wireless portable speaker with deep bass and 12 hours of playtime, great for outdoor gatherings or home use. It has a durable, splash-proof design and connects easily to devices via Bluetooth. The speaker provides rich, clear sound and is compact enough to carry anywhere. Perfect for music lovers who want high-quality sound on the go.', 59.99);

INSERT INTO product_images (product_id, image_url) VALUES (2, 'https://picsum.photos/800?random=2a'), (2, 'https://picsum.photos/800?random=2b'), (2, 'https://picsum.photos/800?random=2c'), (4, 'https://picsum.photos/800?random=4a'), (4, 'https://picsum.photos/800?random=4b'), (5, 'https://picsum.photos/800?random=5'), (6, 'https://picsum.photos/800?random=6a'), (6, 'https://picsum.photos/800?random=6b'), (7, 'https://picsum.photos/800?random=7'), (8, 'https://picsum.photos/800?random=8a'), (8, 'https://picsum.photos/800?random=8b'), (8, 'https://picsum.photos/800?random=8c'), (9, 'https://picsum.photos/800?random=9a'), (9, 'https://picsum.photos/800?random=9b'), (10, 'https://picsum.photos/800?random=10'), (11, 'https://picsum.photos/800?random=11a'), (11, 'https://picsum.photos/800?random=11b'), (11, 'https://picsum.photos/800?random=11c'), (12, 'https://picsum.photos/800?random=12a'), (12, 'https://picsum.photos/800?random=12b'), (13, 'https://picsum.photos/800?random=13a'), (13, 'https://picsum.photos/800?random=13b'), (13, 'https://picsum.photos/800?random=13c'), (13, 'https://picsum.photos/800?random=13d'), (14, 'https://picsum.photos/800?random=14a'), (14, 'https://picsum.photos/800?random=14b'), (15, 'https://picsum.photos/800?random=15'), (16, 'https://picsum.photos/800?random=16a'), (16, 'https://picsum.photos/800?random=16b'), (17, 'https://picsum.photos/800?random=17'), (18, 'https://picsum.photos/800?random=18a'), (18, 'https://picsum.photos/800?random=18b');

INSERT INTO product_category (product_id, category_id) VALUES (2, 1), (4, 1), (5, 1), (6, 1), (17, 1), (18, 1), (12, 2), (13, 2), (14, 2), (15, 2), (16, 2), (7, 3), (8, 3), (9, 3), (10, 3), (11, 3);

SET FOREIGN_KEY_CHECKS = 1;
